{
  "mode": "deterministic_seeded",
  "seed": 6,
  "scenarios": 360,
  "steps": 1400,
  "nqubits_simulated": 504000,
  "nqubits_per_sec": 7088878.687,
  "nqubit_avg_score": 0.963872240068,
  "baseline_qubit_avg_score": 0.941370848251,
  "nqubit_win_rate": 0.658333333333,
  "nqubit_wins": 237,
  "baseline_wins": 123,
  "elapsed_ns": 71097281,
  "used_hardware_entropy": false,
  "latency_p50_ns": 182720,
  "latency_p95_ns": 207700,
  "latency_p99_ns": 211720
}
