{
  "mode": "deterministic_seeded",
  "seed": 7,
  "scenarios": 360,
  "steps": 1400,
  "nqubits_simulated": 504000,
  "nqubits_per_sec": 8642438.402,
  "nqubit_avg_score": 0.960779211338,
  "baseline_qubit_avg_score": 0.940508284782,
  "nqubit_win_rate": 0.638888888889,
  "nqubit_wins": 230,
  "baseline_wins": 130,
  "elapsed_ns": 58316875,
  "used_hardware_entropy": false,
  "latency_p50_ns": 141350,
  "latency_p95_ns": 191080,
  "latency_p99_ns": 209780
}
