{
  "mode": "deterministic_seeded",
  "seed": 23,
  "scenarios": 360,
  "steps": 1400,
  "nqubits_simulated": 504000,
  "nqubits_per_sec": 7752683.490,
  "nqubit_avg_score": 0.963255918086,
  "baseline_qubit_avg_score": 0.933361965234,
  "nqubit_win_rate": 0.722222222222,
  "nqubit_wins": 260,
  "baseline_wins": 100,
  "elapsed_ns": 65009748,
  "used_hardware_entropy": false,
  "latency_p50_ns": 178330,
  "latency_p95_ns": 210390,
  "latency_p99_ns": 233500
}
