{
  "mode": "deterministic_seeded",
  "seed": 12,
  "scenarios": 360,
  "steps": 1400,
  "nqubits_simulated": 504000,
  "nqubits_per_sec": 8447373.575,
  "nqubit_avg_score": 0.960198908618,
  "baseline_qubit_avg_score": 0.937343619012,
  "nqubit_win_rate": 0.627777777778,
  "nqubit_wins": 226,
  "baseline_wins": 134,
  "elapsed_ns": 59663515,
  "used_hardware_entropy": false,
  "latency_p50_ns": 154130,
  "latency_p95_ns": 191250,
  "latency_p99_ns": 213380
}
