{
  "mode": "hardware_preferred",
  "seed": 0,
  "scenarios": 360,
  "steps": 1400,
  "nqubits_simulated": 504000,
  "nqubits_per_sec": 9131987.717,
  "nqubit_avg_score": 0.961737399999,
  "baseline_qubit_avg_score": 0.938834888297,
  "nqubit_win_rate": 0.625000000000,
  "nqubit_wins": 225,
  "baseline_wins": 135,
  "elapsed_ns": 55190613,
  "used_hardware_entropy": true,
  "latency_p50_ns": 130490,
  "latency_p95_ns": 181640,
  "latency_p99_ns": 208720
}
