{
  "mode": "hardware_preferred",
  "seed": 0,
  "scenarios": 360,
  "steps": 1400,
  "nqubits_simulated": 504000,
  "nqubits_per_sec": 9267112.436,
  "nqubit_avg_score": 0.962277080283,
  "baseline_qubit_avg_score": 0.942167910928,
  "nqubit_win_rate": 0.627777777778,
  "nqubit_wins": 226,
  "baseline_wins": 134,
  "elapsed_ns": 54385873,
  "used_hardware_entropy": true,
  "latency_p50_ns": 129720,
  "latency_p95_ns": 181740,
  "latency_p99_ns": 206270
}
