{
  "mode": "hardware_preferred",
  "seed": 0,
  "scenarios": 360,
  "steps": 1400,
  "nqubits_simulated": 504000,
  "nqubits_per_sec": 9082692.400,
  "nqubit_avg_score": 0.960855183005,
  "baseline_qubit_avg_score": 0.939181816434,
  "nqubit_win_rate": 0.619444444444,
  "nqubit_wins": 223,
  "baseline_wins": 137,
  "elapsed_ns": 55490154,
  "used_hardware_entropy": true,
  "latency_p50_ns": 132640,
  "latency_p95_ns": 186440,
  "latency_p99_ns": 200220
}
