{
  "mode": "hardware_preferred",
  "seed": 0,
  "scenarios": 360,
  "steps": 1400,
  "nqubits_simulated": 504000,
  "nqubits_per_sec": 9399489.552,
  "nqubit_avg_score": 0.962440430311,
  "baseline_qubit_avg_score": 0.939645545771,
  "nqubit_win_rate": 0.666666666667,
  "nqubit_wins": 240,
  "baseline_wins": 120,
  "elapsed_ns": 53619933,
  "used_hardware_entropy": true,
  "latency_p50_ns": 129760,
  "latency_p95_ns": 177520,
  "latency_p99_ns": 187790
}
