{
  "mode": "hardware_preferred",
  "seed": 0,
  "scenarios": 360,
  "steps": 1400,
  "nqubits_simulated": 504000,
  "nqubits_per_sec": 8418656.304,
  "nqubit_avg_score": 0.962963251121,
  "baseline_qubit_avg_score": 0.935827377731,
  "nqubit_win_rate": 0.677777777778,
  "nqubit_wins": 244,
  "baseline_wins": 116,
  "elapsed_ns": 59867036,
  "used_hardware_entropy": true,
  "latency_p50_ns": 158570,
  "latency_p95_ns": 203100,
  "latency_p99_ns": 211090
}
