{
  "mode": "hardware_preferred",
  "seed": 0,
  "scenarios": 360,
  "steps": 1400,
  "nqubits_simulated": 504000,
  "nqubits_per_sec": 7859688.712,
  "nqubit_avg_score": 0.959374000991,
  "baseline_qubit_avg_score": 0.936936593224,
  "nqubit_win_rate": 0.633333333333,
  "nqubit_wins": 228,
  "baseline_wins": 132,
  "elapsed_ns": 64124677,
  "used_hardware_entropy": true,
  "latency_p50_ns": 179780,
  "latency_p95_ns": 212690,
  "latency_p99_ns": 218740
}
