{
  "mode": "hardware_preferred",
  "seed": 0,
  "scenarios": 360,
  "steps": 1400,
  "nqubits_simulated": 504000,
  "nqubits_per_sec": 8884176.671,
  "nqubit_avg_score": 0.961690301906,
  "baseline_qubit_avg_score": 0.940498421011,
  "nqubit_win_rate": 0.647222222222,
  "nqubit_wins": 233,
  "baseline_wins": 127,
  "elapsed_ns": 56730074,
  "used_hardware_entropy": true,
  "latency_p50_ns": 138340,
  "latency_p95_ns": 185221,
  "latency_p99_ns": 205990
}
