{
  "mode": "hardware_preferred",
  "seed": 0,
  "scenarios": 360,
  "steps": 1400,
  "nqubits_simulated": 504000,
  "nqubits_per_sec": 8343146.187,
  "nqubit_avg_score": 0.960469578609,
  "baseline_qubit_avg_score": 0.936892830289,
  "nqubit_win_rate": 0.677777777778,
  "nqubit_wins": 244,
  "baseline_wins": 116,
  "elapsed_ns": 60408866,
  "used_hardware_entropy": true,
  "latency_p50_ns": 155790,
  "latency_p95_ns": 210190,
  "latency_p99_ns": 217641
}
