{
  "mode": "hardware_preferred",
  "seed": 0,
  "scenarios": 360,
  "steps": 1400,
  "nqubits_simulated": 504000,
  "nqubits_per_sec": 8589303.233,
  "nqubit_avg_score": 0.960796096684,
  "baseline_qubit_avg_score": 0.941858268416,
  "nqubit_win_rate": 0.638888888889,
  "nqubit_wins": 230,
  "baseline_wins": 130,
  "elapsed_ns": 58677635,
  "used_hardware_entropy": true,
  "latency_p50_ns": 145230,
  "latency_p95_ns": 191330,
  "latency_p99_ns": 216390
}
