{
  "mode": "hardware_preferred",
  "seed": 0,
  "scenarios": 360,
  "steps": 1400,
  "nqubits_simulated": 504000,
  "nqubits_per_sec": 8715075.545,
  "nqubit_avg_score": 0.961578317178,
  "baseline_qubit_avg_score": 0.936755573099,
  "nqubit_win_rate": 0.650000000000,
  "nqubit_wins": 234,
  "baseline_wins": 126,
  "elapsed_ns": 57830824,
  "used_hardware_entropy": true,
  "latency_p50_ns": 138920,
  "latency_p95_ns": 193710,
  "latency_p99_ns": 214790
}
