{
  "mode": "hardware_preferred",
  "seed": 0,
  "scenarios": 360,
  "steps": 1400,
  "nqubits_simulated": 504000,
  "nqubits_per_sec": 8867665.141,
  "nqubit_avg_score": 0.959554731903,
  "baseline_qubit_avg_score": 0.935675932780,
  "nqubit_win_rate": 0.661111111111,
  "nqubit_wins": 238,
  "baseline_wins": 122,
  "elapsed_ns": 56835705,
  "used_hardware_entropy": true,
  "latency_p50_ns": 138930,
  "latency_p95_ns": 186900,
  "latency_p99_ns": 216740
}
