{
  "mode": "hardware_preferred",
  "seed": 0,
  "scenarios": 360,
  "steps": 1400,
  "nqubits_simulated": 504000,
  "nqubits_per_sec": 9007692.891,
  "nqubit_avg_score": 0.961762964071,
  "baseline_qubit_avg_score": 0.938609852252,
  "nqubit_win_rate": 0.644444444444,
  "nqubit_wins": 232,
  "baseline_wins": 128,
  "elapsed_ns": 55952174,
  "used_hardware_entropy": true,
  "latency_p50_ns": 137040,
  "latency_p95_ns": 184520,
  "latency_p99_ns": 205000
}
