{
  "mode": "hardware_preferred",
  "seed": 0,
  "scenarios": 360,
  "steps": 1400,
  "nqubits_simulated": 504000,
  "nqubits_per_sec": 8418234.457,
  "nqubit_avg_score": 0.959874013220,
  "baseline_qubit_avg_score": 0.936511831908,
  "nqubit_win_rate": 0.647222222222,
  "nqubit_wins": 233,
  "baseline_wins": 127,
  "elapsed_ns": 59870036,
  "used_hardware_entropy": true,
  "latency_p50_ns": 155200,
  "latency_p95_ns": 197850,
  "latency_p99_ns": 213420
}
