{
  "mode": "hardware_preferred",
  "seed": 0,
  "scenarios": 360,
  "steps": 1400,
  "nqubits_simulated": 504000,
  "nqubits_per_sec": 9594915.061,
  "nqubit_avg_score": 0.959798214955,
  "baseline_qubit_avg_score": 0.938608725679,
  "nqubit_win_rate": 0.619444444444,
  "nqubit_wins": 223,
  "baseline_wins": 137,
  "elapsed_ns": 52527823,
  "used_hardware_entropy": true,
  "latency_p50_ns": 127630,
  "latency_p95_ns": 171941,
  "latency_p99_ns": 204311
}
