{
  "mode": "hardware_preferred",
  "seed": 0,
  "scenarios": 360,
  "steps": 1400,
  "nqubits_simulated": 504000,
  "nqubits_per_sec": 9587528.543,
  "nqubit_avg_score": 0.963159312867,
  "baseline_qubit_avg_score": 0.938641555779,
  "nqubit_win_rate": 0.677777777778,
  "nqubit_wins": 244,
  "baseline_wins": 116,
  "elapsed_ns": 52568292,
  "used_hardware_entropy": true,
  "latency_p50_ns": 128770,
  "latency_p95_ns": 171030,
  "latency_p99_ns": 189800
}
