{
  "mode": "hardware_preferred",
  "seed": 0,
  "scenarios": 360,
  "steps": 1400,
  "nqubits_simulated": 504000,
  "nqubits_per_sec": 7821605.565,
  "nqubit_avg_score": 0.962082903367,
  "baseline_qubit_avg_score": 0.940247330223,
  "nqubit_win_rate": 0.641666666667,
  "nqubit_wins": 231,
  "baseline_wins": 129,
  "elapsed_ns": 64436898,
  "used_hardware_entropy": true,
  "latency_p50_ns": 180510,
  "latency_p95_ns": 209410,
  "latency_p99_ns": 213240
}
