{
  "mode": "hardware_preferred",
  "seed": 0,
  "scenarios": 360,
  "steps": 1400,
  "nqubits_simulated": 504000,
  "nqubits_per_sec": 8235057.831,
  "nqubit_avg_score": 0.962903393042,
  "baseline_qubit_avg_score": 0.939832854258,
  "nqubit_win_rate": 0.633333333333,
  "nqubit_wins": 228,
  "baseline_wins": 132,
  "elapsed_ns": 61201756,
  "used_hardware_entropy": true,
  "latency_p50_ns": 154140,
  "latency_p95_ns": 191990,
  "latency_p99_ns": 210560
}
