{
  "mode": "hardware_preferred",
  "seed": 0,
  "scenarios": 360,
  "steps": 1400,
  "nqubits_simulated": 504000,
  "nqubits_per_sec": 7684815.466,
  "nqubit_avg_score": 0.962774739330,
  "baseline_qubit_avg_score": 0.940231045955,
  "nqubit_win_rate": 0.655555555556,
  "nqubit_wins": 236,
  "baseline_wins": 124,
  "elapsed_ns": 65583878,
  "used_hardware_entropy": true,
  "latency_p50_ns": 179030,
  "latency_p95_ns": 210510,
  "latency_p99_ns": 254500
}
