{
  "mode": "hardware_preferred",
  "seed": 0,
  "scenarios": 360,
  "steps": 1400,
  "nqubits_simulated": 504000,
  "nqubits_per_sec": 7705256.687,
  "nqubit_avg_score": 0.962842986844,
  "baseline_qubit_avg_score": 0.938267178968,
  "nqubit_win_rate": 0.677777777778,
  "nqubit_wins": 244,
  "baseline_wins": 116,
  "elapsed_ns": 65409891,
  "used_hardware_entropy": true,
  "latency_p50_ns": 184171,
  "latency_p95_ns": 209280,
  "latency_p99_ns": 214190
}
