{
  "mode": "hardware_preferred",
  "seed": 0,
  "scenarios": 360,
  "steps": 1400,
  "nqubits_simulated": 504000,
  "nqubits_per_sec": 7770438.910,
  "nqubit_avg_score": 0.961673353374,
  "baseline_qubit_avg_score": 0.938838878661,
  "nqubit_win_rate": 0.641666666667,
  "nqubit_wins": 231,
  "baseline_wins": 129,
  "elapsed_ns": 64861201,
  "used_hardware_entropy": true,
  "latency_p50_ns": 177880,
  "latency_p95_ns": 210990,
  "latency_p99_ns": 270380
}
