{
  "mode": "hardware_preferred",
  "seed": 0,
  "scenarios": 360,
  "steps": 1400,
  "nqubits_simulated": 504000,
  "nqubits_per_sec": 9125550.299,
  "nqubit_avg_score": 0.960654379329,
  "baseline_qubit_avg_score": 0.939200479106,
  "nqubit_win_rate": 0.655555555556,
  "nqubit_wins": 236,
  "baseline_wins": 124,
  "elapsed_ns": 55229546,
  "used_hardware_entropy": true,
  "latency_p50_ns": 133691,
  "latency_p95_ns": 183140,
  "latency_p99_ns": 203570
}
