{
  "mode": "hardware_preferred",
  "seed": 0,
  "scenarios": 360,
  "steps": 1400,
  "nqubits_simulated": 504000,
  "nqubits_per_sec": 8625819.941,
  "nqubit_avg_score": 0.964909074703,
  "baseline_qubit_avg_score": 0.933438159855,
  "nqubit_win_rate": 0.719444444444,
  "nqubit_wins": 259,
  "baseline_wins": 101,
  "elapsed_ns": 58429228,
  "used_hardware_entropy": true,
  "latency_p50_ns": 141971,
  "latency_p95_ns": 193650,
  "latency_p99_ns": 223100
}
