{
  "mode": "hardware_preferred",
  "seed": 0,
  "scenarios": 360,
  "steps": 1400,
  "nqubits_simulated": 504000,
  "nqubits_per_sec": 8848218.761,
  "nqubit_avg_score": 0.964912839013,
  "baseline_qubit_avg_score": 0.939208252056,
  "nqubit_win_rate": 0.711111111111,
  "nqubit_wins": 256,
  "baseline_wins": 104,
  "elapsed_ns": 56960617,
  "used_hardware_entropy": true,
  "latency_p50_ns": 136330,
  "latency_p95_ns": 189430,
  "latency_p99_ns": 208580
}
