{
  "mode": "hardware_preferred",
  "seed": 0,
  "scenarios": 360,
  "steps": 1400,
  "nqubits_simulated": 504000,
  "nqubits_per_sec": 8057100.544,
  "nqubit_avg_score": 0.961986326318,
  "baseline_qubit_avg_score": 0.936254377297,
  "nqubit_win_rate": 0.677777777778,
  "nqubit_wins": 244,
  "baseline_wins": 116,
  "elapsed_ns": 62553520,
  "used_hardware_entropy": true,
  "latency_p50_ns": 175710,
  "latency_p95_ns": 203510,
  "latency_p99_ns": 216180
}
