{
  "mode": "hardware_preferred",
  "seed": 0,
  "scenarios": 360,
  "steps": 1400,
  "nqubits_simulated": 504000,
  "nqubits_per_sec": 9202125.340,
  "nqubit_avg_score": 0.965176557162,
  "baseline_qubit_avg_score": 0.938520266896,
  "nqubit_win_rate": 0.675000000000,
  "nqubit_wins": 243,
  "baseline_wins": 117,
  "elapsed_ns": 54769956,
  "used_hardware_entropy": true,
  "latency_p50_ns": 132890,
  "latency_p95_ns": 182440,
  "latency_p99_ns": 193040
}
