{
  "mode": "hardware_preferred",
  "seed": 0,
  "scenarios": 360,
  "steps": 1400,
  "nqubits_simulated": 504000,
  "nqubits_per_sec": 9414715.705,
  "nqubit_avg_score": 0.961718018744,
  "baseline_qubit_avg_score": 0.934200128179,
  "nqubit_win_rate": 0.683333333333,
  "nqubit_wins": 246,
  "baseline_wins": 114,
  "elapsed_ns": 53533215,
  "used_hardware_entropy": true,
  "latency_p50_ns": 129650,
  "latency_p95_ns": 178100,
  "latency_p99_ns": 201340
}
