{
  "mode": "hardware_preferred",
  "seed": 0,
  "scenarios": 360,
  "steps": 1400,
  "nqubits_simulated": 504000,
  "nqubits_per_sec": 8348254.873,
  "nqubit_avg_score": 0.963816834186,
  "baseline_qubit_avg_score": 0.940661245827,
  "nqubit_win_rate": 0.658333333333,
  "nqubit_wins": 237,
  "baseline_wins": 123,
  "elapsed_ns": 60371899,
  "used_hardware_entropy": true,
  "latency_p50_ns": 160520,
  "latency_p95_ns": 192140,
  "latency_p99_ns": 213180
}
