{
  "mode": "hardware_preferred",
  "seed": 0,
  "scenarios": 360,
  "steps": 1400,
  "nqubits_simulated": 504000,
  "nqubits_per_sec": 9149294.263,
  "nqubit_avg_score": 0.961447093570,
  "baseline_qubit_avg_score": 0.937671331513,
  "nqubit_win_rate": 0.652777777778,
  "nqubit_wins": 235,
  "baseline_wins": 125,
  "elapsed_ns": 55086216,
  "used_hardware_entropy": true,
  "latency_p50_ns": 129360,
  "latency_p95_ns": 181670,
  "latency_p99_ns": 210100
}
