{
  "mode": "hardware_preferred",
  "seed": 0,
  "scenarios": 360,
  "steps": 1400,
  "nqubits_simulated": 504000,
  "nqubits_per_sec": 9307179.298,
  "nqubit_avg_score": 0.962317599408,
  "baseline_qubit_avg_score": 0.939792590163,
  "nqubit_win_rate": 0.633333333333,
  "nqubit_wins": 228,
  "baseline_wins": 132,
  "elapsed_ns": 54151745,
  "used_hardware_entropy": true,
  "latency_p50_ns": 129490,
  "latency_p95_ns": 184650,
  "latency_p99_ns": 201040
}
