{
  "mode": "hardware_preferred",
  "seed": 0,
  "scenarios": 360,
  "steps": 1400,
  "nqubits_simulated": 504000,
  "nqubits_per_sec": 8998620.319,
  "nqubit_avg_score": 0.961518348914,
  "baseline_qubit_avg_score": 0.943650933137,
  "nqubit_win_rate": 0.605555555556,
  "nqubit_wins": 218,
  "baseline_wins": 142,
  "elapsed_ns": 56008586,
  "used_hardware_entropy": true,
  "latency_p50_ns": 135530,
  "latency_p95_ns": 182230,
  "latency_p99_ns": 199680
}
