{
  "mode": "hardware_preferred",
  "seed": 0,
  "scenarios": 360,
  "steps": 1400,
  "nqubits_simulated": 504000,
  "nqubits_per_sec": 8978600.948,
  "nqubit_avg_score": 0.963945851479,
  "baseline_qubit_avg_score": 0.939322761138,
  "nqubit_win_rate": 0.711111111111,
  "nqubit_wins": 256,
  "baseline_wins": 104,
  "elapsed_ns": 56133467,
  "used_hardware_entropy": true,
  "latency_p50_ns": 130730,
  "latency_p95_ns": 190931,
  "latency_p99_ns": 211900
}
