{
  "mode": "hardware_preferred",
  "seed": 0,
  "scenarios": 360,
  "steps": 1400,
  "nqubits_simulated": 504000,
  "nqubits_per_sec": 9103826.541,
  "nqubit_avg_score": 0.961406227161,
  "baseline_qubit_avg_score": 0.937938117844,
  "nqubit_win_rate": 0.630555555556,
  "nqubit_wins": 227,
  "baseline_wins": 133,
  "elapsed_ns": 55361336,
  "used_hardware_entropy": true,
  "latency_p50_ns": 129730,
  "latency_p95_ns": 182590,
  "latency_p99_ns": 218750
}
