{
  "mode": "hardware_preferred",
  "seed": 0,
  "scenarios": 360,
  "steps": 1400,
  "nqubits_simulated": 504000,
  "nqubits_per_sec": 8886070.108,
  "nqubit_avg_score": 0.962121152804,
  "baseline_qubit_avg_score": 0.935839948977,
  "nqubit_win_rate": 0.650000000000,
  "nqubit_wins": 234,
  "baseline_wins": 126,
  "elapsed_ns": 56717986,
  "used_hardware_entropy": true,
  "latency_p50_ns": 134920,
  "latency_p95_ns": 188340,
  "latency_p99_ns": 214990
}
