{
  "mode": "hardware_preferred",
  "seed": 0,
  "scenarios": 360,
  "steps": 1400,
  "nqubits_simulated": 504000,
  "nqubits_per_sec": 7031328.082,
  "nqubit_avg_score": 0.959069413035,
  "baseline_qubit_avg_score": 0.938063589603,
  "nqubit_win_rate": 0.638888888889,
  "nqubit_wins": 230,
  "baseline_wins": 130,
  "elapsed_ns": 71679204,
  "used_hardware_entropy": true,
  "latency_p50_ns": 183130,
  "latency_p95_ns": 213410,
  "latency_p99_ns": 219170
}
