{
  "mode": "hardware_preferred",
  "seed": 0,
  "scenarios": 360,
  "steps": 1400,
  "nqubits_simulated": 504000,
  "nqubits_per_sec": 9545818.841,
  "nqubit_avg_score": 0.961952491141,
  "baseline_qubit_avg_score": 0.935563735754,
  "nqubit_win_rate": 0.677777777778,
  "nqubit_wins": 244,
  "baseline_wins": 116,
  "elapsed_ns": 52797985,
  "used_hardware_entropy": true,
  "latency_p50_ns": 128070,
  "latency_p95_ns": 173290,
  "latency_p99_ns": 186380
}
