{
  "mode": "hardware_preferred",
  "seed": 0,
  "scenarios": 360,
  "steps": 1400,
  "nqubits_simulated": 504000,
  "nqubits_per_sec": 9359744.278,
  "nqubit_avg_score": 0.961066059700,
  "baseline_qubit_avg_score": 0.938973583375,
  "nqubit_win_rate": 0.622222222222,
  "nqubit_wins": 224,
  "baseline_wins": 136,
  "elapsed_ns": 53847625,
  "used_hardware_entropy": true,
  "latency_p50_ns": 129280,
  "latency_p95_ns": 178190,
  "latency_p99_ns": 193030
}
