{
  "mode": "hardware_preferred",
  "seed": 0,
  "scenarios": 360,
  "steps": 1400,
  "nqubits_simulated": 504000,
  "nqubits_per_sec": 9392639.853,
  "nqubit_avg_score": 0.960209282904,
  "baseline_qubit_avg_score": 0.939264390921,
  "nqubit_win_rate": 0.622222222222,
  "nqubit_wins": 224,
  "baseline_wins": 136,
  "elapsed_ns": 53659036,
  "used_hardware_entropy": true,
  "latency_p50_ns": 130550,
  "latency_p95_ns": 176450,
  "latency_p99_ns": 195870
}
