{
  "mode": "hardware_preferred",
  "seed": 0,
  "scenarios": 360,
  "steps": 1400,
  "nqubits_simulated": 504000,
  "nqubits_per_sec": 9443632.336,
  "nqubit_avg_score": 0.961895092297,
  "baseline_qubit_avg_score": 0.937445183265,
  "nqubit_win_rate": 0.669444444444,
  "nqubit_wins": 241,
  "baseline_wins": 119,
  "elapsed_ns": 53369295,
  "used_hardware_entropy": true,
  "latency_p50_ns": 129200,
  "latency_p95_ns": 176370,
  "latency_p99_ns": 189080
}
